tile,points,area_km2,las_MB,ofp_MB,density_pts_m2,tile_s,total_s,rmse_m,mae_m,me_m,nmad_m,p95_m,coverage_%,rel_rmse_%,ms_crop,ms_filter,ms_dtm,ms_dsm,ms_smooth,ms_slope,ms_aspect,ms_tpi,ms_contours,ms_tin,ms_heights,assess_ms,restore_ms,metrics_ms
P-42-041-239-e,87500,0.446228,3.0,18.9,2.1122192214313853,1.66,1.9870289170648903,0.08597681002400771,0.06042639217025651,-0.0013698737711589878,0.062218384350621006,0.1800801287029003,87.94364670820916,0.0751254294413338,0,0,878,500,23,57,69,71,22,16,18,27.60516689158976,22.672958904877305,189.7827920038253
P-42-041-239-f,93220,0.446228,3.2,19.2,2.1272422103394844,1.431,1.6876297080889344,0.08273594500215067,0.059460865604010135,0.0035161975343535406,0.0637121335071323,0.17409103404135706,87.83780354741303,0.07050197921254299,0,0,699,492,22,56,55,58,17,14,14,27.426540851593018,19.831541925668716,175.87133403867483
P-42-041-239-g,1357824,0.445666,46.2,159.0,3.0483820158778814,16.143,16.6854610000737,0.10159833289669523,0.06813400922917172,-0.0032531434198119187,0.06987770276949434,0.20030100200630585,95.39228929287853,0.09287596509684858,0,0,8126,7339,52,76,78,78,71,184,135,49.612791975960135,105.46429082751274,294.6173751261085
P-42-041-239-h,1166858,0.446228,39.7,167.6,2.6175003568026143,13.51,14.032500291941687,0.08333340794948169,0.05808016026543461,-5.495877179004384e-06,0.06210458048588331,0.16645029178816043,95.30038455677366,0.0737655559937409,0,0,6861,5955,52,70,71,76,58,212,152,50.39987503550947,92.28687500581145,299.46779110468924
P-42-041-240-d,85211,0.446228,2.9,22.3,1.841802687699184,1.282,1.5394797918852419,0.0770827085495057,0.05498089217498162,0.0025014945655611,0.058043102057877306,0.16048891334083493,88.47238149847095,0.06646575067988125,0,0,603,421,24,57,57,60,18,20,18,24.73179204389453,19.22120782546699,179.33620791882277
P-42-041-240-e,79011,0.446228,2.7,21.7,1.6310957692008805,1.212,1.4682704999577254,0.07382824156142284,0.051844455629382905,-0.002009466130429296,0.05279354505469574,0.15531135380882471,88.85273314803516,0.06405763101487924,0,0,572,378,23,57,57,58,16,24,22,24.613582994788885,22.58550003170967,176.67212500236928
P-42-041-240-f,83361,0.446228,2.8,23.7,1.638562896874231,1.274,1.5344661669805646,0.07529262457223489,0.05501916318105246,-0.0008281962274446022,0.0605261816047783,0.1561331377782728,90.16822590335593,0.06505660941373749,0,0,598,414,24,56,56,59,18,23,21,24.446165887638927,19.562625093385577,180.73883303441107
P-42-041-256-i,955826,0.447022,32.5,170.2,2.1410605735449826,9.461,9.95550929196179,0.12918162468393404,0.0882377548425342,0.025757400850400285,0.0907715511919797,0.2670331716445353,94.30229384683528,0.11715625280099497,0,0,4785,4133,52,70,73,71,54,123,98,44.15620816871524,74.7049581259489,300.52062519825995
P-42-042-225-d,95842,0.446228,3.3,24.4,1.8038083736171011,1.408,1.6701380831655115,0.07169729933180767,0.05147344187468774,0.0005283075434525729,0.05523338111320048,0.1486176665988722,89.41073035086285,0.0621318600638922,0,0,668,462,23,58,59,65,24,24,22,24.11495801061392,18.75016698613763,180.89887499809265
P-42-042-225-e,133573,0.447022,4.5,23.7,2.4094210643772382,1.989,2.257480958942324,0.07941347334752684,0.055613940488056145,0.005010970538892375,0.05741150632841299,0.16493362101445963,89.6888715497903,0.07116638207758244,0,0,968,744,26,66,61,61,19,22,18,25.299333967268467,23.175999987870455,184.30841714143753
P-42-042-225-f,142316,0.447022,4.8,23.9,2.470840424170333,2.109,2.3805927908979356,0.07763779663387746,0.055702718257802174,0.004403593546667858,0.059631228603729595,0.1624755516338197,90.69810932620202,0.06884120524242818,0,0,1026,823,25,58,57,59,18,21,18,26.09695913270116,24.05104204080999,187.86020879633725
P-42-042-226-d,117872,0.447022,4.0,24.7,1.974388588250743,1.681,1.9513904589693993,0.07967231645417881,0.05730276924440411,0.00233164444131415,0.060930064814985606,0.16633408783750664,90.10461604831751,0.07028993739704402,0,0,816,603,24,57,55,59,17,25,20,27.263541938737035,21.385959116742015,187.7190840896219
P-42-042-226-f,100777,0.447022,3.4,28.8,1.580793241515979,1.433,1.7229812908917665,0.06739032244343995,0.048737583721415664,-0.005247799554529693,0.05184405575535815,0.14196570884791057,90.57682661762247,0.05853703951125361,0,0,676,468,24,58,58,63,25,32,25,33.39424985460937,23.843999952077866,188.84283304214478
P-42-042-226-h,785767,0.447022,26.7,163.6,1.7579244273524188,8.322,8.800463540945202,0.08151828189055225,0.057465725573499916,0.0035937405181081543,0.0597107632637216,0.17151337691498506,95.16265418704225,0.07136620430647811,0,0,4120,3564,49,70,71,73,42,189,140,41.82791616767645,71.27608312293887,301.54129210859537
P-42-042-227-d,104839,0.447022,3.6,28.9,1.59684359277628,1.539,1.81336033414118,0.07227939784923135,0.05046184406590698,0.0003069518447718923,0.051638392879489785,0.14996552021423923,91.43508783281032,0.06226998279788423,0,0,747,516,24,57,60,60,18,27,24,25.316167157143354,22.952333092689514,190.0424580089748
P-42-042-227-e,109178,0.447022,3.7,28.7,1.6130743427193543,1.529,1.8023756670299917,0.0647778301157391,0.046487586621658805,-0.0006262440218605045,0.049306992273200595,0.13472867561922963,91.50820648680849,0.0555667405635983,0,0,736,514,24,56,58,61,19,31,26,24.293166818097234,21.970167057588696,192.3344589304179
P-42-042-227-g,875559,0.447022,29.8,177.6,1.9588838659571184,9.37,9.851846291916445,0.07476960307280438,0.053254371134776005,0.0004977703824304296,0.056186280808101,0.15632726177272208,95.18748517970033,0.06410245514743942,0,0,4714,3995,59,80,71,72,42,190,142,45.590874971821904,78.09404097497463,295.7652499899268
P-42-042-228-d,69228,0.44838,2.4,18.6,1.9651639947484836,1.155,1.4156769171822816,0.06911755715844796,0.049669835971600844,0.0007824234677805674,0.05254238523576259,0.14378311953730913,90.08665893911795,0.06028732658809956,0,0,545,361,20,57,56,60,17,18,17,23.39900005608797,17.216958105564117,187.2967081144452
P-42-042-241-f,1066205,0.447022,36.3,189.6,2.3858605307580256,10.949,11.464480333030224,0.1061331667089204,0.07505437971411442,0.017678565990986383,0.07986570564455876,0.2208336739172232,95.13536246538202,0.09428868235782131,0,0,5556,4817,52,71,71,72,44,150,111,65.76849985867739,88.84437498636544,294.9405419640243
P-42-042-241-i,998664,0.447022,34.0,180.2,2.2342515058723786,10.102,10.613599332980812,0.11788917482443224,0.0820232356489435,0.026551716913075608,0.08582307168154844,0.24623566592662904,94.92575309492598,0.10483687199085744,0,0,5183,4375,50,69,70,72,44,132,102,64.24808292649686,81.52883406728506,299.3048341013491
P-42-042-242-b,830449,0.447022,28.2,166.4,1.8575742509711215,8.791,9.377876709215343,0.08373495761805885,0.05994642213985311,0.004042113312468069,0.06389136838718869,0.17509965732360797,95.1579564316745,0.07307398861659518,0,0,4347,3783,52,70,73,74,45,180,163,57.987292064353824,69.10608406178653,389.60170885547996
P-42-042-242-c,840328,0.447022,28.6,175.8,1.8789817765168706,8.52,9.058458625106141,0.07508487027083466,0.054150935485548134,0.0006816167429775357,0.058071347376898105,0.15726119683023682,95.1651149160444,0.06492954368736474,0,0,4247,3620,50,69,75,73,42,201,138,40.26508308015764,68.92912485636771,362.53058398142457
P-42-042-243-a,861485,0.447022,29.3,187.9,1.926013160465875,10.528,11.07458437490277,0.07765391360453608,0.05557866678998757,0.0010263922310433165,0.05966551403454404,0.16298679609476635,95.21209246972185,0.06648896317727525,0,0,5210,4624,61,75,74,79,45,224,133,77.03704200685024,97.10554196499288,307.80262500047684
P-42-042-243-d,1098013,0.447816,37.3,191.4,2.453924641276222,11.529,12.021413000067696,0.1138791310055673,0.08066873829557576,0.02119878748789696,0.0857881541175523,0.239143995361502,94.82041731425407,0.09769302066007195,0,0,5886,5114,53,70,72,72,39,126,92,46.99366702698171,90.21366690285504,294.9454172048718
P-42-042-243-g,1067230,0.447816,36.3,182.5,2.3853093996401933,10.867,11.353732583113015,0.11897904056375862,0.08358631411733115,0.02261390058146206,0.08850079721962625,0.24921596640350568,94.89276845847401,0.10275666046839506,0,0,5475,4853,52,72,72,73,49,127,91,43.547708075493574,82.41758402436972,294.3055839277804
P-42-042-243-i,995834,0.44838,33.9,169.0,2.223294836671469,10.176,10.65575037500821,0.13347311879062104,0.09493524030496273,0.027385026116826805,0.10221068888888742,0.27970358993930516,94.60792185200053,0.11534569171380682,0,0,5225,4454,54,73,70,71,49,103,74,42.23804106004536,78.9809578564018,291.15037503652275
P-42-042-245-i,1019779,0.449175,34.7,182.6,2.2728814640166517,10.418,10.907278166851029,0.1374571426902044,0.09701772221453366,0.03664122133566488,0.10263190664912074,0.28946052560992036,94.53153002727223,0.11816978240395695,0,0,5235,4703,50,69,70,72,48,93,73,44.99737499281764,78.22466595098376,297.1562079619616
P-42-042-246-b,251465,0.449175,8.6,48.8,2.3007293007126712,2.809,3.1105167500209063,0.1499297562284355,0.106884218321828,0.04889291017915712,0.11333509051995079,0.31889950607026146,92.47682489402338,0.13151478026680702,0,0,1388,1142,28,57,57,60,33,20,19,27.14937482960522,30.417791102081537,202.9875828884542
P-42-042-246-c,235716,0.449175,8.0,48.8,2.129950121238502,2.646,2.94013104098849,0.14741913860646902,0.10467448338434544,0.047721977448334243,0.11018285802630606,0.3116371404292624,91.64591393205356,0.12936986455334235,0,0,1320,1060,27,57,57,61,23,19,18,27.00233389623463,26.255249977111816,197.30954221449792
P-42-042-247-a,224793,0.449175,7.6,50.6,2.002380765610269,2.606,2.8976004999130964,0.16145439960859642,0.11462153081849728,0.05397666358750954,0.11969001590761823,0.34236185863260715,92.42336296027571,0.14153098472949094,0,0,1297,1051,26,57,57,60,23,16,15,27.563791954889894,28.64175010472536,196.429249830544
P-42-042-247-b,249225,0.449175,8.5,51.2,2.1933624705645793,2.784,3.0865792091935873,0.14059499627261804,0.09965106877288363,0.043888782174280654,0.10440659116306007,0.2977984141641996,92.78708787517802,0.12358524937723156,0,0,1381,1131,27,57,61,62,23,20,18,27.873791055753827,31.37045889161527,203.40062491595745
P-42-042-247-c,236249,0.44974,8.0,50.8,2.0536574490011787,2.755,3.054487958783284,0.1587876395882417,0.11284200788344881,0.05171119025700952,0.1180331951099669,0.3367952657900474,91.86642478468394,0.13794940611563453,0,0,1376,1108,27,60,61,60,25,17,16,30.552792130038142,27.609999990090728,201.03274984285235
P-42-042-247-d,213296,0.449175,7.3,149.0,0.4922004813680024,2.779,3.120602749986574,0.1643444313468701,0.11697748117384395,0.04764674423893092,0.12383117289143525,0.343644555425044,42.76751822786219,0.14645917276500714,0,0,1331,1097,72,63,64,71,36,21,19,26.736041996628046,25.17320914193988,236.44216707907617
P-42-042-247-e,457940,0.449175,15.6,155.8,1.0307509471176304,5.168,5.558548582950607,0.13560601901468583,0.09651155244999643,0.031107520355033183,0.10268561803946763,0.28544475503054,57.61006289308176,0.12056395009896273,0,0,2546,2201,82,66,67,70,42,48,42,30.402790987864137,43.84800000116229,254.9787499010563
P-42-042-247-f,1033458,0.44974,35.1,184.9,2.3051208798411333,11.075,11.565310000209138,0.12488548459377684,0.08789002074265499,0.024029386698022494,0.09335476782634541,0.26028091356960203,94.13016409481034,0.10962707660319364,0,0,5632,4914,51,69,69,74,51,126,84,46.63204192183912,78.26708303764462,298.2687500771135
P-42-042-247-g,98678,0.449175,3.4,133.5,0.2268119691335576,1.752,2.0965895829722285,0.18072373541816164,0.13121706354495793,0.05786942280491889,0.14064522689061432,0.3792154224969088,44.95530695163355,0.16130971014505707,0,0,802,582,99,65,66,72,38,13,12,24.62008409202099,21.920125000178814,245.1674579642713
P-42-042-247-h,143145,0.449175,4.9,130.4,0.3229752943114992,2.143,2.4860463750083,0.18385117020142025,0.13151364923731368,0.058613686235164615,0.1377475973358675,0.38876317285850337,43.68297434184895,0.16403251754216075,0,0,1007,770,92,67,67,70,36,15,15,24.449208052828908,23.200583877041936,239.9959999602288
P-42-042-247-i,832431,0.44974,28.3,168.3,1.8530126623097682,8.817,9.277875792002305,0.14824066249146164,0.10515549893612501,0.03983455377962222,0.11172640932696554,0.3118606798270278,79.49615333303687,0.13110965252358048,0,0,4451,3914,67,67,70,72,44,70,58,53.54012502357364,66.23358302749693,274.95029103010893
P-42-042-248-a,177602,0.44974,6.0,46.8,1.5322562888624456,2.126,2.4143575001507998,0.17358074824669062,0.12414701003961215,0.05696945776788108,0.13046431342743453,0.36660026348873487,84.81009351653519,0.15006686587443893,0,0,1046,817,30,59,58,61,23,14,15,26.22458292171359,25.401916122063994,196.60162506625056
P-42-042-248-b,266828,0.44974,9.1,50.1,2.268266515021971,2.95,3.2792048749979585,0.15123988088118523,0.10716432644724683,0.047116947493905846,0.1135210672502495,0.31996125330557323,92.09220591275584,0.1296439710833932,0,0,1466,1210,28,58,57,60,21,25,22,42.63966693542898,32.00850007124245,207.2172921616584
P-42-042-248-c,259336,0.450536,8.8,51.4,2.1905724304334675,2.937,3.244741291971877,0.14289723187178083,0.10111001697367707,0.040555485787857115,0.1067939383019369,0.3017845318824356,89.53540820929183,0.1225680724127291,0,0,1458,1206,28,58,58,61,23,23,19,28.55929103679955,32.28854201734066,207.95662514865398
P-42-042-248-d,867792,0.44974,29.5,184.0,1.9302322924340871,9.011,9.504942917032167,0.13177118206786667,0.0926352906451675,0.027603216582473108,0.09810332435896336,0.27526809408861574,93.74082803397519,0.11420520137680715,0,0,4621,3875,56,72,71,75,52,109,77,49.52658317051828,83.64158309996128,294.59900013171136
P-42-042-248-g,1067713,0.450536,36.3,189.6,2.3744413751849778,11.107,11.633810083149001,0.13817028324872815,0.09811720941737881,0.03719772171404245,0.10426395875490545,0.29193631074575416,93.98427650620594,0.1212526048205006,0,0,5618,4994,63,69,69,75,50,93,71,68.70754202827811,77.60487496852875,310.8263330068439
P-42-042-249-a,39637,0.450536,1.3,36.1,0.33698009248137073,0.945,1.3014272910077125,0.17785019518396822,0.12908512177287731,0.055582368195698104,0.13706514624505015,0.3773956295631706,67.58364938895912,0.15428538629116728,0,0,419,254,32,58,60,71,30,7,12,25.565375108271837,19.190916093066335,257.3239158373326
P-42-042-249-b,41841,0.450536,1.4,35.2,0.3543707346691189,1.113,1.4422635410446674,0.17385167184754244,0.1258584238907448,0.04746102429119579,0.13501365266966353,0.36432484976006885,63.08247319370678,0.15077544754538036,0,0,505,317,32,67,68,65,35,8,11,28.018708107993007,26.526000117883086,221.2323748972267
P-42-042-249-c,149182,0.450536,5.1,43.2,1.2232627649199372,2.205,2.5542183329816908,0.13925454858970082,0.0985420324184538,0.033666557366800236,0.10350253203216327,0.29422353281078145,66.80988095829402,0.12037731454763917,0,0,1059,825,41,68,68,68,34,18,19,37.09220793098211,32.208916964009404,226.54741699807346
P-42-042-249-e,602036,0.450536,20.5,154.6,1.3379743884902653,7.348,7.768697541905567,0.1202907284630234,0.08569079320669624,0.020206945518241298,0.09176971034878237,0.2524095542935072,62.416987765683544,0.10340902051499211,0,0,3580,3266,102,69,69,73,50,79,56,30.45137505978346,61.847500037401915,264.0517079271376
P-42-042-249-f,971959,0.450536,33.0,178.9,2.159771377684087,10.314,10.813695749966428,0.11170435159269153,0.08029077836694885,0.015958057604931988,0.08797921123716321,0.23175143402604012,90.43739013086635,0.09473491272069115,0,0,5211,4571,54,69,73,77,46,124,85,34.22354208305478,84.07995803281665,314.79683285579085
P-42-042-249-g,1016671,0.450536,34.6,187.6,2.258810859770322,10.273,10.750282624969259,0.13049383713753882,0.0926985323676636,0.03160453681385316,0.09883784704627807,0.27313981559261413,94.32697942006854,0.11159378393279766,0,0,5180,4613,54,73,71,73,41,94,70,45.574208023026586,78.95254204049706,295.18808308057487
P-42-042-249-h,1008945,0.450536,34.3,183.8,2.241232530452059,10.3,10.786335333948955,0.13542596086008207,0.09621444132209173,0.030459336052900864,0.10359573163063011,0.2838586324149503,94.21955182271783,0.11466875678379602,0,0,5256,4564,51,70,73,72,45,96,69,43.434916995465755,81.17850008420646,299.1336251143366
P-42-042-250-a,298382,0.450536,10.2,58.5,2.4221521574276372,3.383,3.6980310000944883,0.11482064583360346,0.08223853130288483,0.020305390116564584,0.0888803847113984,0.23949229463367486,92.56397835778618,0.09688870522931113,0,0,1688,1401,29,58,58,60,22,34,28,29.354332946240902,33.13062503002584,211.82237495668232
P-42-042-250-b,301764,0.450536,10.3,58.0,2.4289987132690762,3.414,3.7204808748792857,0.1200978559884253,0.08560575873764005,0.0268732287777111,0.09167723860655556,0.2513964954923667,92.5376782077393,0.09989525950556079,0,0,1694,1413,29,58,62,62,29,35,28,28.84020796045661,33.746999921277165,201.08404196798801
P-42-042-250-c,304393,0.450536,10.4,56.8,2.4309003973083096,3.429,3.7320770828519017,0.1184869340874155,0.08489315540905619,0.019148854982888305,0.09181569488242272,0.24575730510177035,92.9027771038543,0.09769517466033806,0,0,1693,1432,28,59,61,66,21,37,27,30.556540936231613,31.7328330129385,202.70533300936222
P-42-042-250-f,913926,0.450536,31.1,183.6,2.049394441908396,9.299,9.755260333884507,0.11696836139080614,0.08436580193613484,0.014146034705235169,0.09241667243761376,0.24380645887613353,91.87834046557877,0.09657103830578477,0,0,4701,4076,54,73,77,75,38,117,83,32.97383291646838,72.18016614206135,291.79812502115965
P-42-042-250-h,888068,0.450536,30.2,177.9,1.9709797066638444,8.987,9.460990916006267,0.1369847706281592,0.09740787563120588,0.02941449416172129,0.10435674480182687,0.287339697458318,90.47623275387538,0.11397144032062763,0,0,4574,3924,54,70,71,72,59,93,66,34.06008402816951,68.61291686072946,296.0827499628067
P-42-042-250-i,762763,0.451332,25.9,160.6,1.6953866044316965,7.852,8.31407054211013,0.147524026886287,0.10484148952473887,0.03423089150947827,0.11225136970882475,0.3093465617473669,85.94715198567795,0.12240318540946589,0,0,3949,3428,64,69,73,73,53,80,58,30.18679190427065,60.33816607668996,294.95487501844764
P-42-042-251-b,290561,0.451332,9.9,56.1,2.291660282583061,3.286,3.5982653750106692,0.1153571408450564,0.08264386232424545,0.01387940874147185,0.08974822061934155,0.240150837951905,92.50804473189537,0.09484434400881511,0,0,1621,1361,30,59,60,63,22,38,29,30.103417113423347,33.90091680921614,207.46150007471442
P-42-042-251-g,744865,0.451332,25.3,156.2,1.65736268770543,7.554,7.998851540964097,0.13603669247783198,0.09734231014962172,0.021835069209177924,0.10444148025097857,0.286239208751678,84.8220378789893,0.11269444852519271,0,0,3788,3295,61,68,69,73,47,86,65,29.627750162035227,58.66212514229119,288.08404202573
P-42-042-252-b,300346,0.451899,10.2,61.7,2.3268924306974363,3.395,3.711236249888316,0.10380206464768778,0.07468350178180344,0.008468509145401057,0.08134307390080142,0.21590674106301647,92.53119151590768,0.08794078345699108,0,0,1693,1392,28,59,58,61,23,44,34,32.700916985049844,34.098624950274825,208.31979112699628
P-42-042-252-c,259754,0.451899,8.8,53.0,2.001801069511984,2.931,3.2355355001054704,0.11759603253067517,0.08439358553502176,0.01020063339815314,0.0911113067273179,0.24606936556515085,91.41489006682137,0.10060720674049337,0,0,1446,1184,30,60,59,61,20,38,29,28.423957992345095,35.63324990682304,203.97095894441009
P-42-042-252-e,917640,0.451899,31.2,184.3,2.032795593009671,9.27,9.769120207987726,0.12453688109391414,0.08885737903698843,0.02245906315846418,0.09578546761796985,0.25972901493393713,94.03251611532666,0.10605936687075816,0,0,4680,4077,53,69,70,72,62,106,77,49.90074993111193,70.33587479963899,309.6133330836892
P-42-042-252-f,762238,0.451899,25.9,170.2,1.6900352762981945,7.729,8.190197833115235,0.1373976331403728,0.09779170395194137,0.028898095744311576,0.10458174603430395,0.2886057281625459,92.67424800674488,0.11817508761829806,0,0,3905,3363,52,70,71,72,42,86,63,46.335583087056875,61.444625025615096,292.2749579884112
P-42-042-252-g,1232012,0.451899,41.9,185.6,2.729075405789716,13.592,14.10532462480478,0.12543743004846752,0.08873489721868941,0.027996919942376616,0.09435443869675977,0.26362813993751644,94.1163844133313,0.10499949454921242,0,0,6830,6249,54,69,72,76,53,106,78,49.455625005066395,91.83583408594131,298.72999992221594
P-42-042-252-h,918398,0.451899,31.2,182.5,2.0336439377810174,9.37,9.843493334017694,0.1302529540241624,0.09114525613031332,0.02883747937612074,0.09585524169149091,0.2730709215038274,93.80082717598401,0.11176723133666192,0,0,4713,4149,52,72,71,75,47,107,80,45.27608398348093,72.43204209953547,293.0609581526369
P-42-042-252-i,845373,0.451899,28.7,169.3,1.8731650701524032,8.666,9.147939457790926,0.138106179251396,0.09582344883944344,0.030435245248559065,0.09902400507555124,0.2913856069597557,92.53461503566062,0.11966667112445736,0,0,4344,3808,54,69,73,76,63,100,75,46.348582953214645,72.45824998244643,295.66024988889694
P-42-042-253-a,225150,0.451899,7.7,54.6,1.7276987820347391,2.67,3.2753323330543935,0.11748842878932728,0.08423432372246185,0.018700109221214598,0.09118742638977938,0.24581797379530457,88.82878845247386,0.10116419117752717,0,0,1302,1059,30,60,61,64,26,36,29,26.360832853242755,27.846042066812515,453.41920806095004
P-42-042-253-b,235292,0.451899,8.0,59.1,1.7992123732536582,3.601,4.025251290993765,0.11419997385813634,0.0810321174582992,0.01910804693289301,0.08707049999123924,0.2382061310670244,89.1808477067892,0.09876782947556405,0,0,1356,1758,93,82,66,82,63,63,34,39.765290915966034,47.63008304871619,283.34341617301106
P-42-042-253-c,50645,0.451899,1.7,18.8,1.7513724985962733,1.078,1.3850738329347223,0.12138961601851693,0.08599602136610245,0.025468667920474326,0.09192324878800584,0.2525278022174291,77.58272252888125,0.10522944347668789,0,0,527,292,22,62,64,68,22,7,10,32.66983409412205,31.49591712281108,195.16720809042454
P-42-042-253-d,688987,0.451899,23.4,170.8,1.5266282149897707,7.042,7.51028366596438,0.14525137880777764,0.10358003084118768,0.029726798508648036,0.1104983757350002,0.3062126535082257,91.92341651563734,0.1256562907182627,0,0,3547,3040,54,72,71,73,47,77,57,35.58737505227327,78.21458298712969,287.2664169408381
P-42-042-253-e,758623,0.451899,25.8,183.4,1.6794025577820526,7.688,8.15706175006926,0.14117978921822316,0.09922972566997444,0.038497962444967934,0.10402505564628715,0.2975952449304313,91.33523198767867,0.1226923822900074,0,0,3804,3385,52,71,74,73,60,88,77,31.332166865468025,67.50037497840822,293.7768748961389
P-42-042-253-f,138019,0.452696,4.7,45.3,1.1371994251016202,1.866,2.1610386669635773,0.15060491948344099,0.10677851721390379,0.03491919023104841,0.11321379988253508,0.31944828144688486,77.68972294427186,0.13106404053349435,0,0,916,659,36,67,65,66,23,15,15,29.587625060230494,24.494541808962822,201.99099997989833
P-42-042-253-h,811806,0.452696,27.6,181.7,1.7963672585688264,8.272,8.727153375046328,0.12866672872654408,0.08898716104634836,0.026644122558171564,0.09203566421482352,0.27072182556502306,89.56982169049428,0.11251205168747667,0,0,4140,3604,57,74,81,78,49,105,79,31.25754208303988,67.0116669498384,294.6760000195354
P-42-042-253-i,129884,0.452696,4.4,48.1,1.0611037795832046,1.795,2.2255732079502195,0.13901477376938112,0.09788117078417187,0.02608650301345038,0.10267205968176694,0.2940365864741214,75.2852461959693,0.12168552470362426,0,0,829,674,36,62,63,67,26,18,17,30.929291853681207,23.875208105891943,333.95666698925197
P-42-053-014-b,910983,0.445666,31.0,166.9,2.1682370645208815,9.42,9.889747207984328,0.1396488416449901,0.0993968886142365,0.03918648602757233,0.10631823890749617,0.293538809391294,96.33750420236117,0.12424756482127997,0,0,4763,4192,51,71,75,77,44,83,61,34.59391696378589,76.975290896371,296.5813330374658
P-42-053-015-b,912197,0.446228,31.0,174.4,2.044825790902105,9.221,9.743829166051,0.1496310463660341,0.10676696670079926,0.04159096605890645,0.11385432569958127,0.3163660934068666,93.87488010613409,0.13687428974555163,0,0,4692,4054,59,75,72,75,58,75,58,46.0826251655817,76.86349982395768,322.6291669998318
P-42-053-015-g,937529,0.446459,31.9,188.5,2.102159396267327,10.446,10.964924958068877,0.13069296215659304,0.09241132016505213,0.03342777530550803,0.09805207399597209,0.2748448723793544,95.2127742973039,0.12628455257500001,0,0,5508,4432,56,72,74,80,52,95,74,44.18425005860627,73.50712502375245,326.86854200437665
P-42-053-016-d,974410,0.447022,33.1,183.7,2.183167931500835,10.781,11.373876166995615,0.12374452627435638,0.08760755797844193,0.027477007309178316,0.09329340814100703,0.2610978956121414,95.067356863868,0.112481536698516,0,0,5558,4703,55,69,72,78,56,105,80,85.59675002470613,111.27904197201133,311.6581249050796
P-42-053-016-e,902382,0.447022,30.7,180.8,2.0204952160594285,9.258,9.786361207952723,0.10695493162261846,0.07687405733249066,0.01773250370101776,0.08361981725830743,0.22190090264531293,95.15325867630676,0.09740969237486202,0,0,4709,4027,48,68,70,70,51,123,87,71.18033315055072,90.17779189161956,295.71179184131324
P-42-053-016-f,960913,0.447022,32.7,185.6,2.1510590733566612,9.671,10.187817833153531,0.10031027776350582,0.07277322969793898,0.014173017551399101,0.08006805441394162,0.2084900032954685,95.22752795164443,0.09145612268900269,0,0,4813,4286,54,69,76,75,61,137,97,51.56366596929729,73.23929201811552,316.56025000847876
P-42-053-030-f,892891,0.446459,30.4,192.0,2.0036289552567013,10.562,11.068373250076547,0.10577415537829443,0.07532475480028071,0.01702029869101063,0.08112190301660975,0.21957432184634051,95.29609661805452,0.09820613207854378,0,0,5523,4443,71,74,73,79,59,143,92,48.227749997749925,74.72220808267593,305.5994580499828
P-42-053-046-e,718931,0.446459,24.4,154.9,1.8862659794010979,8.371,8.844769709045067,0.08327808115993515,0.059734273120412955,0.00454432470186694,0.06379809733374296,0.17429410128758388,96.7286545180943,0.08229812602201605,0,0,4267,3537,48,67,69,74,41,149,115,44.42970803938806,76.44483400508761,287.9529579076916
P-42-053-046-i,811568,0.446459,27.6,189.0,1.8179375333900138,8.718,9.214163542026654,0.07273074438757385,0.053063754574789956,0.002348412505293326,0.057843748048986704,0.15113713639233595,95.58615684754928,0.07282237786138575,0,0,4367,3665,54,70,73,79,48,216,142,41.17991589009762,75.91704186052084,314.424250042066
P-42-053-047-f,853445,0.447022,29.0,184.4,1.9107642351275784,8.857,9.327972915954888,0.09209540107159038,0.06574828732488085,0.008846725802117022,0.0707742917330136,0.19288992132796615,95.44094026692198,0.09092281523435136,0,0,4478,3816,50,70,71,73,38,152,105,47.477542189881206,71.00129197351635,296.1069580633193
P-42-053-047-h,806744,0.447022,27.4,183.3,1.805494419650189,8.632,9.114194124937057,0.07083092841019739,0.05067799328916704,-0.00021583028189868636,0.053821420219938944,0.14803961225035778,95.47650898613492,0.07144195047069286,0,0,4284,3643,51,69,81,72,46,236,147,44.119459111243486,69.6116250474006,302.93737491592765
P-42-053-047-i,776509,0.447816,26.4,180.2,1.7377834518654263,8.546,9.071804041974247,0.0679176759807353,0.049200394694382275,-0.000309994584243868,0.05274975460540429,0.14233113860081373,95.21767868946175,0.0682251743773993,0,0,4156,3587,51,82,134,84,53,245,151,41.69745813123882,75.10595791973174,298.34970785304904
P-42-053-048-d,850056,0.447816,28.9,187.1,1.9016367020237288,9.601,10.083421166986227,0.08747848092182563,0.06284743054674814,0.006777653669287875,0.06747634273007871,0.183137212457013,95.24402879754184,0.08573969070856674,0,0,5074,3952,50,68,73,74,38,162,107,47.024125000461936,73.40550003573298,305.65633391961455
P-42-053-048-e,794793,0.447816,27.0,176.4,1.777689728526255,8.479,9.141114291967824,0.09552262262256798,0.0678842307582718,0.007799931339361364,0.07199486544290368,0.19986548920565494,95.21209603944477,0.09317682995574078,0,0,4222,3587,49,109,76,93,45,152,142,54.3249580077827,70.95162477344275,448.46158288419247
P-42-053-048-h,737942,0.447816,25.1,171.4,1.650414816977836,8.574,9.095174208050594,0.08398560134386171,0.05997064857999785,0.00018733005400555682,0.06300553470348375,0.1764892510807826,93.77847151508655,0.08311331468344506,0,0,4375,3509,55,71,75,76,39,220,148,54.90700015798211,71.11654197797179,336.5579580422491
P-42-053-048-i,645713,0.447816,22.0,148.4,1.444475112046398,7.488,8.380418083164841,0.09405389003834033,0.06667509649067924,0.004167122313867804,0.06986610474604935,0.19713685958684204,93.22065312539078,0.09275030498314268,0,0,3708,2998,55,74,94,97,68,242,149,47.587082954123616,58.81633399985731,660.5886670295149
P-42-053-063-b,987411,0.447816,33.6,168.6,2.2098805594990982,14.465,15.479223749833182,0.07438151392654235,0.05292167606833117,-0.000763851246396288,0.055319666996986115,0.15590583987284246,95.37175982993016,0.07665049712082263,0,0,8355,5408,67,71,72,77,52,202,157,105.05841602571309,406.4473749604076,372.5620419718325
P-42-053-063-e,723021,0.447816,24.6,132.0,1.6181165306216214,8.46,8.964213375002146,0.057949493379529204,0.04080088244821995,-0.0033671172842212487,0.04121558501371582,0.12337213773398313,95.32084606177537,0.05841670159823351,0,0,4243,3442,73,75,76,75,45,250,176,31.251333188265562,67.93483416549861,341.91475016996264
P-42-053-063-g,635744,0.447252,21.6,131.7,1.4222876980105017,7.312,7.776867832988501,0.05288194485935813,0.03776452020204405,-0.0027122624206894212,0.03893450244765327,0.11269684425685113,95.42718646311252,0.05318293086409702,0,0,3581,3006,51,71,71,72,44,236,175,44.276957865804434,61.48674990981817,292.2974999528378
P-42-053-063-h,649461,0.447816,22.1,127.3,1.4526685587248158,7.404,7.859682541806251,0.05609626878546689,0.03907945233049514,-0.0013627543209740356,0.03860779172225791,0.1201567041171457,95.3163799417618,0.05607832686195182,0,0,3645,2991,49,69,72,70,74,257,173,37.1821669396013,55.81325013190508,298.59212483279407
P-42-053-063-i,647706,0.447816,22.0,124.2,1.4485773977890366,7.387,7.8484892919659615,0.060450900222858185,0.04221304082645696,-0.0013351777716961804,0.0418433984168855,0.128972838809276,95.22169819747397,0.059905178015635684,0,0,3615,3048,51,72,73,77,52,231,164,37.70500002428889,57.27920890785754,297.3406659439206
P-42-053-064-b,762079,0.447816,25.9,155.2,1.7044938769402738,8.375,8.847505833022296,0.07647604038252132,0.05378697429680942,-0.0017092999224991882,0.05525053947244482,0.1613591055485493,95.29002983368169,0.07600832355655857,0,0,4166,3518,53,70,71,73,53,212,153,31.293333042412996,67.0443749986589,302.29783384129405
P-42-053-064-c,724386,0.447816,24.6,150.4,1.622879160632007,8.074,8.52882320806384,0.08242645514117389,0.05687588446135739,-0.0017613211298574418,0.056437941047606376,0.17458700980540917,93.90843560748165,0.08103385025895837,0,0,4094,3330,52,69,73,74,44,190,144,30.406124889850616,64.58395905792713,297.0491671003401
P-42-053-064-f,593095,0.447816,20.2,124.0,1.3258624790246383,7.084,7.530801500193775,0.07160381685312042,0.04747506745775258,-0.0038389185757603515,0.04363692622156157,0.15236090891722825,85.23299748110831,0.07042168367320839,0,0,3427,2996,62,69,70,72,44,194,145,30.50437499769032,59.253916842862964,292.1444580424577
P-42-053-064-g,605889,0.447816,20.6,116.3,1.3546164572689936,7.03,7.4778645830228925,0.0674575543984975,0.04586906549922156,-0.0025915138945521343,0.043523725394572686,0.1453112880973947,94.98767350876253,0.06641632850906355,0,0,3490,2848,53,71,74,74,43,215,158,28.901708079501987,54.69354218803346,305.33862486481667
P-42-053-064-h,581687,0.447816,19.8,116.9,1.3007467019979548,6.678,7.121382416924462,0.06789058450314309,0.046555545915602695,-0.002123100303722523,0.0450753888233062,0.14496922898203835,95.05153902495668,0.06660050463596516,0,0,3284,2724,51,70,75,76,41,205,148,37.22354187630117,52.75429110042751,295.5281250178814
P-42-053-064-i,525960,0.447816,17.9,114.5,1.175038661865451,6.167,6.638465041993186,0.06639740865929741,0.04492779538808362,-0.0034595207769426766,0.04241147551441448,0.14162715453952757,85.85021526698465,0.06512488407045544,0,0,3012,2491,61,69,70,120,42,171,127,27.679165825247765,49.72429201006889,336.0592091921717
P-42-053-078-b,553542,0.447252,18.8,102.1,1.5651862335177067,6.35,6.789127290947363,0.05579652336035764,0.04031534506967906,-0.00047454130308918324,0.04273305298975276,0.11769961366802091,96.40763319552472,0.05529603866436445,0,0,3139,2602,46,67,68,71,43,178,132,38.33787492476404,51.44895799458027,289.83812499791384
P-42-053-079-a,704125,0.447252,23.9,134.5,1.5753939854912526,8.179,8.647080707829446,0.057046080345768066,0.04054555629159239,-0.0019401176090667756,0.04182353271103007,0.12066644604538429,95.49828731900584,0.05612862171555662,0,0,4098,3358,50,70,75,81,50,227,165,41.559583973139524,66.68170797638595,294.0569999627769
P-42-053-079-c,650758,0.447816,22.1,122.3,1.4547470489845726,7.632,8.114135708194226,0.06073070988368961,0.041799605690163055,-0.003578200790413418,0.04062696125859223,0.13015874211066297,95.42267359808493,0.05904981795255497,0,0,3708,3159,54,70,71,72,47,254,193,42.79875010251999,54.952124832198024,321.8404159415513
P-42-053-079-f,719928,0.447816,24.5,140.3,1.6085946103785556,8.659,9.161979417083785,0.06260008321644608,0.04506985980779567,-0.0011198847773852586,0.04784021200628969,0.13078429571834532,95.460858924201,0.05883006924345301,0,0,4311,3642,53,71,71,71,45,224,166,38.86362491175532,77.42454204708338,315.0060421321541
P-42-053-080-a,714544,0.447816,24.3,134.8,1.596757777372892,8.514,8.969656666973606,0.056830674711003934,0.0391891306130864,-0.0034348244238194886,0.03844959171366685,0.12104082012166018,95.43115922611072,0.05493484371376336,0,0,4236,3553,51,69,71,71,40,239,179,35.79245903529227,66.01604097522795,293.5557500459254
P-42-053-080-b,765248,0.447816,26.0,133.8,1.7093422282661817,8.779,9.251986250048503,0.056127167008497826,0.039251806099567695,-0.00246824457327279,0.03956728432957725,0.11868348852164627,95.42981939010664,0.05417493381543512,0,0,4389,3664,55,69,73,71,41,237,176,36.82033298537135,65.2762500103563,311.29137496463954
P-42-053-080-c,787271,0.447816,26.8,132.9,1.7579172648774046,9.08,9.544210417196155,0.05516874613017046,0.03884769138137921,-0.0035728743551937817,0.039372149863295014,0.11679564182779457,95.38471157796953,0.05314620864771417,0,0,4513,3828,56,71,72,72,41,244,178,37.776249926537275,77.13133306242526,286.6642498411238
P-42-053-080-e,749526,0.447816,25.5,142.4,1.6737122212493967,8.643,9.104566084221005,0.06411244258305628,0.04637264179385512,-0.0013931135122890995,0.049781140003303914,0.133364372358038,95.44902370616504,0.05975590704998954,0,0,4306,3678,54,70,72,72,44,194,148,38.49395806901157,64.26633289083838,292.7874999586493
P-42-053-080-f,809699,0.44861,27.5,140.1,1.8083815431359929,9.351,9.832327834097669,0.060973417953835464,0.04335440143554867,-0.000533347766095225,0.04509536468788615,0.12817799021649548,95.31820512248947,0.05741047073279877,0,0,4689,3977,51,68,71,73,42,216,160,44.25704199820757,71.14554103463888,303.96699998527765
P-42-053-080-i,567220,0.44861,19.3,122.4,1.2673651908038222,6.649,7.101680708117783,0.057863239769265384,0.04002602624511952,-0.0019658122280433294,0.03918197577831323,0.12387786555614456,95.24063217494037,0.055190783900351856,0,0,3281,2628,51,69,72,72,44,245,182,36.93787497468293,53.18041704595089,300.6812089588493
P-42-053-095-c,581425,0.447816,19.8,118.9,1.299162520963196,7.136,7.582064124988392,0.06103254314423403,0.042249872735057904,-0.0043143146750404485,0.041500107085272034,0.1310045783716638,91.21201564928452,0.058381150959984224,0,0,3716,2716,51,68,72,75,43,225,165,33.71129184961319,56.341624818742275,293.14879118464887
P-42-053-095-f,715181,0.44861,24.3,135.9,1.5970818552734074,8.158,8.60204629204236,0.06654142956276379,0.046766525021332286,-0.001644788679380701,0.04751518636944568,0.14151624521247186,94.52107621319186,0.06431277267163477,0,0,4077,3386,51,68,72,74,44,220,163,29.72562494687736,66.56708405353129,285.36633402109146
P-42-053-095-i,680686,0.44861,23.1,130.3,1.5209338463299855,7.831,8.264150667004287,0.05949572162729439,0.041249575847409646,-0.0029586810192658484,0.04050234610078342,0.12764185345024828,95.42587102382916,0.05857309743286442,0,0,3906,3174,50,70,72,72,36,253,194,29.59783305414021,58.42104204930365,286.59737505950034
P-42-053-096-a,728251,0.44861,24.8,131.4,1.6263839572734797,8.397,8.840045500081033,0.06268704418825509,0.044680181644710194,-0.0050631785241081785,0.046431653781983474,0.13188393054848566,94.80105213882882,0.0593885108764007,0,0,4175,3517,50,69,69,71,44,222,178,30.734291998669505,62.88162502460182,285.72270809672773
P-42-053-096-g,701379,0.44861,23.8,135.2,1.5661894639840965,7.976,8.415322124958038,0.056096217376795265,0.03982135276160707,-0.0011577342822892498,0.04077365589010973,0.11889188753581834,95.38017431622121,0.05514756338799472,0,0,3978,3260,52,70,70,70,40,240,190,29.092625016346574,57.81741696409881,293.56625000946224
P-42-053-096-h,737731,0.44861,25.1,139.4,1.6462010637102122,8.644,9.099188833031803,0.05806917931082949,0.041063330986018866,-0.0012532763044142167,0.04162727613761114,0.12347707441768065,95.41249637770001,0.05791390772385955,0,0,4294,3617,50,69,71,72,47,239,181,31.461708014830947,61.90654216334224,295.64058291725814
P-42-053-112-a,713817,0.44861,24.3,143.0,1.593485326350396,8.308,8.750733916880563,0.061601104080766605,0.044727717243632205,-0.0019439219270931494,0.04787001306906184,0.1290077733868166,95.39867591003322,0.06008716690798518,0,0,4134,3450,50,69,71,72,40,238,180,31.276166904717684,59.734041104093194,291.147124953568
P-42-053-128-d,1315090,0.44861,44.7,172.1,2.9313702726433233,15.647,16.173991582822055,0.13573163458317078,0.09057457131904169,0.012188773019337636,0.09014372031980643,0.279206699306593,95.22369095651011,0.14749678687002138,0,0,7946,7128,52,68,70,72,78,125,105,37.04049997031689,100.47112498432398,282.590958988294
P-42-053-128-e,1193099,0.449404,40.6,172.8,2.659540945572031,14.002,14.500923292012885,0.11094911967938285,0.07656537077868085,0.01224263131727481,0.08109130339932283,0.22421114294503533,95.00672001139287,0.115907028345619,0,0,7133,6301,50,68,70,71,73,128,102,33.900832990184426,87.00341708026826,284.9136251024902
P-42-053-128-f,981695,0.449404,33.4,179.2,2.18725541402087,10.574,11.053477791137993,0.10263493568386571,0.07152207923059442,0.015088480671083659,0.07481020603243077,0.21330049997997622,95.09416916627356,0.10411916235443075,0,0,5325,4627,53,72,76,76,58,160,123,34.54116708599031,78.89391714707017,291.93587484769523
P-42-053-128-g,997204,0.449404,33.9,168.0,2.3292911286115263,10.778,11.264217457966879,0.13974344858901863,0.0936703099487,0.034611415175781424,0.09341128204792375,0.2916916630590407,94.93610185906975,0.14107594968434445,0,0,5420,4833,49,69,72,70,65,108,87,33.98066619411111,77.23441580310464,285.2431668434292
P-42-053-128-h,987402,0.449404,33.6,155.6,2.3201168737703597,11.427,11.92837724997662,0.16679562660350783,0.11396477672651496,0.03557571404849574,0.11381919613963785,0.3561952673290542,93.02212866653045,0.1756997294996623,0,0,5767,5181,49,69,71,73,74,75,63,33.43341685831547,82.01420889236033,285.8683338854462
P-42-053-128-i,994807,0.449404,33.8,160.5,2.351125155561927,10.889,11.384770041098818,0.1346854028897267,0.09261844818790349,0.034206341338998386,0.09414121873183559,0.28474123728322154,95.08486968489262,0.13602065188473283,0,0,5478,4883,51,68,71,77,63,110,84,33.09375001117587,83.29141698777676,299.98929193243384
